Actual Placement,Predicted Placement,Actual Graduation,Predicted Graduation
Not placed,Placed,2021.0,2022.0548044741129
Placed,Not placed,2021.0,2022.0255266612758
Not placed,Not placed,2021.0,2021.9163119746606
Not placed,Not placed,2021.0,2021.9608926659553
Not placed,Not placed,2021.0,2021.8815876114347
Not placed,Not placed,2021.0,2021.9036335499577
Placed,Not placed,2021.0,2022.0299007573724
Not placed,Not placed,2021.0,2021.945366709729
Not placed,Not placed,2021.0,2022.0197982480584
Not placed,Not placed,2021.0,2021.88955366458
Not placed,Placed,2021.0,2021.8963703797633
Not placed,Not placed,2021.0,2021.9450664078022
Not placed,Not placed,2021.0,2021.8731981657402
Not placed,Not placed,2021.0,2021.92153994447
Not placed,Not placed,2021.0,2021.8362659831787
Not placed,Not placed,2021.0,2021.8422715948466
Placed,Not placed,2021.0,2022.0726797793955
Not placed,Not placed,2021.0,2022.016322704496
Not placed,Not placed,2021.0,2021.977389694516
Not placed,Not placed,2021.0,2021.922535999719
Not placed,Not placed,2021.0,2021.8448969457404
Not placed,Not placed,2021.0,2021.8298369789616
Not placed,Not placed,2021.0,2022.013809878876
Not placed,Not placed,2021.0,2021.8327328111898
Not placed,Not placed,2021.0,2021.998065509259
Not placed,Not placed,2021.0,2021.828123915342
Not placed,Not placed,2021.0,2021.9183080977216
Not placed,Not placed,2020.0,2021.830272949618
Not placed,Not placed,2019.0,2021.8644382515647
Not placed,Not placed,2021.0,2021.858908956515
Not placed,Not placed,2021.0,2021.8848792665567
Not placed,Not placed,2021.0,2021.9063153134841
Not placed,Not placed,2021.0,2021.9363594176955
Not placed,Not placed,2021.0,2021.8199461659221
Not placed,Not placed,2021.0,2021.8674571744157
Not placed,Not placed,2021.0,2021.8259967445736
Not placed,Not placed,2021.0,2021.8956054832006
Not placed,Not placed,2021.0,2021.923590014913
Not placed,Not placed,2021.0,2021.789142685651
Not placed,Not placed,2021.0,2021.997671937302
Not placed,Not placed,2021.0,2021.9224591160491
Not placed,Not placed,2021.0,2021.914563229458
Not placed,Not placed,2021.0,2021.8302431290256
Not placed,Not placed,2020.0,2021.7363254598768
Not placed,Not placed,2021.0,2021.922582206672
Not placed,Not placed,2021.0,2021.9082929974468
Not placed,Not placed,2023.0,2021.9243309518747
Not placed,Not placed,2021.0,2022.077201266204
Placed,Not placed,2021.0,2021.9384613888938
Not placed,Not placed,2021.0,2021.8876692506476
Not placed,Not placed,2021.0,2021.959497146748
Not placed,Not placed,2022.0,2021.8574075891704
Not placed,Not placed,2023.0,2021.7973376775565
Not placed,Not placed,2021.0,2021.7776972407105
Not placed,Not placed,2021.0,2021.7668701807956
Not placed,Not placed,2021.0,2022.0178193674828
Not placed,Not placed,2021.0,2021.9861071261387
Not placed,Not placed,2021.0,2021.8690655865105
Not placed,Not placed,2021.0,2022.0416406432487
Not placed,Placed,2021.0,2021.9792270453706
Not placed,Not placed,2021.0,2021.8442147938385
Not placed,Not placed,2021.0,2022.0508710935273
Not placed,Not placed,2021.0,2021.9919435240845
Not placed,Not placed,2021.0,2021.801034295099
Placed,Not placed,2021.0,2021.791526519678
Placed,Not placed,2021.0,2021.8956651243852
Not placed,Not placed,2021.0,2021.8422186707778
Not placed,Not placed,2021.0,2021.8533451764947
Not placed,Not placed,2021.0,2021.8809697650959
Not placed,Not placed,2021.0,2022.1587051596614
Not placed,Placed,2021.0,2021.9196401674906
Not placed,Not placed,2021.0,2021.9594719471777
Placed,Not placed,2021.0,2021.9806754886467
Not placed,Not placed,2023.0,2021.9034896478097
Not placed,Not placed,2021.0,2021.90098272316
Not placed,Not placed,2021.0,2021.8059215770404
Not placed,Not placed,2021.0,2022.008395890663
Placed,Not placed,2021.0,2022.0630708291849
Not placed,Not placed,2021.0,2021.8564192743509
Not placed,Not placed,2021.0,2021.910077424233
Placed,Not placed,2021.0,2022.0527738660815
Not placed,Not placed,2021.0,2021.8748410628054
Not placed,Not placed,2021.0,2021.8834859149501
Not placed,Not placed,2021.0,2021.9142284425607
Not placed,Not placed,2021.0,2021.770843987819
Not placed,Not placed,2021.0,2021.8195929399267
Not placed,Not placed,2021.0,2021.8791151717558
Placed,Not placed,2021.0,2021.8959999112826
Not placed,Not placed,2020.0,2021.8075115500371
Not placed,Not placed,2021.0,2021.8425891392585
Not placed,Not placed,2021.0,2021.879432716168
Not placed,Not placed,2021.0,2021.9504196881605
Not placed,Not placed,2021.0,2021.8815876114347
Not placed,Not placed,2021.0,2021.9363421752103
Not placed,Not placed,2021.0,2021.8955592762477
Not placed,Not placed,2021.0,2021.976247361832
Not placed,Not placed,2021.0,2021.8941809995258
Not placed,Not placed,2021.0,2021.9651667749056
Placed,Not placed,2021.0,2021.9844560384936
Placed,Not placed,2021.0,2021.8342526176325
Not placed,Not placed,2021.0,2021.906074940904
Not placed,Not placed,2021.0,2021.943053042256
Not placed,Not placed,2021.0,2022.015435533456
Not placed,Not placed,2021.0,2021.9468383369576
Not placed,Not placed,2021.0,2021.898366502824
Not placed,Not placed,2021.0,2021.7911791546737
Not placed,Not placed,2021.0,2022.1015400606743
Not placed,Not placed,2021.0,2021.8233550506754
Not placed,Not placed,2024.0,2021.8420242169884
Placed,Not placed,2021.0,2021.9279535856401
Not placed,Not placed,2021.0,2021.8827012678134
Not placed,Not placed,2021.0,2021.823708276671
Not placed,Not placed,2021.0,2021.7977967516892
Not placed,Not placed,2021.0,2021.7243566352404
Not placed,Not placed,2021.0,2021.885468148428
Not placed,Not placed,2021.0,2021.8809352801254
Not placed,Not placed,2022.0,2021.9672447865028
Not placed,Not placed,2021.0,2021.988223926898
Not placed,Not placed,2021.0,2021.9786323025082
Not placed,Not placed,2021.0,2021.8360013628353
Not placed,Not placed,2021.0,2021.9672687461039
Not placed,Not placed,2021.0,2021.971313916294
Not placed,Not placed,2022.0,2021.8675457800678
Placed,Not placed,2021.0,2022.0201157924705
Not placed,Not placed,2022.0,2021.781442108974
Placed,Not placed,2021.0,2021.953226914737
Not placed,Not placed,2021.0,2022.019603794269
Not placed,Not placed,2021.0,2022.0567581551181
Not placed,Not placed,2021.0,2022.0244361083737
Not placed,Not placed,2022.0,2021.9636057663765
Not placed,Not placed,2021.0,2021.9259566064547
Not placed,Not placed,2021.0,2021.775012248632
Not placed,Not placed,2021.0,2021.9675333664472
Not placed,Not placed,2021.0,2022.0094656033716
Not placed,Not placed,2021.0,2021.8286531560288
Not placed,Not placed,2021.0,2021.8606232167472
Not placed,Not placed,2021.0,2021.9385315554475
Not placed,Not placed,2022.0,2021.827793792823
Not placed,Not placed,2021.0,2021.8160240863544
Not placed,Not placed,2021.0,2021.9162418081066
Not placed,Not placed,2021.0,2021.835895514698
Not placed,Not placed,2022.0,2021.7815710605878
Not placed,Not placed,2021.0,2021.8573189835183
Not placed,Not placed,2021.0,2022.0530870629457
Not placed,Not placed,2021.0,2022.1018508446143
Not placed,Not placed,2021.0,2021.8808294319879
Not placed,Not placed,2021.0,2021.8181789816213
Not placed,Not placed,2021.0,2021.868642193961
Not placed,Not placed,2022.0,2021.7179334920143
Not placed,Not placed,2021.0,2021.9226178882552
Not placed,Not placed,2021.0,2021.8879636915833
Not placed,Not placed,2021.0,2022.0358110029158
Not placed,Not placed,2021.0,2021.8157951475944
Not placed,Not placed,2021.0,2021.959305065386
Not placed,Not placed,2021.0,2022.0935567650438
Not placed,Not placed,2021.0,2021.8736215582896
Not placed,Not placed,2021.0,2021.8240787451518
Not placed,Not placed,2021.0,2021.7996341025441
Not placed,Not placed,2021.0,2021.8956294428017
Not placed,Not placed,2021.0,2021.7830841499147
Not placed,Not placed,2021.0,2021.877825500686
Not placed,Not placed,2021.0,2021.953226914737
Not placed,Not placed,2023.0,2021.833899391637
Not placed,Not placed,2021.0,2021.8498314979274
Not placed,Not placed,2021.0,2021.797231829419
Not placed,Not placed,2021.0,2022.0789432942909
Not placed,Not placed,2021.0,2021.9556419641676
Not placed,Not placed,2021.0,2021.8811136672439
Not placed,Not placed,2021.0,2021.779180509445
Not placed,Not placed,2021.0,2021.80926029524
Not placed,Not placed,2021.0,2021.893162864114
Not placed,Not placed,2021.0,2021.8749998350115
Not placed,Not placed,2021.0,2022.0114617264323
Not placed,Not placed,2021.0,2021.8399579273735
Not placed,Placed,2022.0,2021.8869052102098
Not placed,Not placed,2021.0,2021.8767313377289
Not placed,Not placed,2023.0,2021.7996156634458
Placed,Not placed,2021.0,2021.8493356878878
Not placed,Not placed,2021.0,2021.9856999932579
Not placed,Not placed,2021.0,2021.9637035735755
Not placed,Not placed,2021.0,2021.8097895359267
Not placed,Not placed,2021.0,2021.9634537112863
Not placed,Not placed,2021.0,2021.9053799227331
Not placed,Not placed,2021.0,2021.8155834513198
Not placed,Not placed,2021.0,2021.7753596136365
Not placed,Not placed,2021.0,2021.8705198907776
Not placed,Not placed,2021.0,2021.9671628979665
Not placed,Not placed,2021.0,2021.929830426332
Not placed,Not placed,2021.0,2021.9326502310153
Not placed,Not placed,2021.0,2021.8712906483313
Not placed,Not placed,2021.0,2021.9343460521493
Not placed,Not placed,2021.0,2021.8685006642404
Not placed,Not placed,2021.0,2021.9877752632715
Not placed,Not placed,2021.0,2021.9031043902648
Placed,Not placed,2021.0,2021.8587329418237
Not placed,Not placed,2021.0,2022.0184304533495
Placed,Not placed,2021.0,2022.0300066055097
Not placed,Not placed,2021.0,2022.016000455726
Not placed,Not placed,2021.0,2021.9306897895378
Not placed,Not placed,2021.0,2021.9114913825383
Not placed,Not placed,2021.0,2021.885620203518
Not placed,Not placed,2021.0,2021.974000424675
Not placed,Not placed,2021.0,2021.924766922531
Not placed,Not placed,2021.0,2021.8895007405113
Not placed,Not placed,2021.0,2021.8119444311935
Not placed,Not placed,2021.0,2022.1037859340206
Not placed,Not placed,2021.0,2022.022076233948
Not placed,Not placed,2021.0,2021.9487411095117
Not placed,Not placed,2021.0,2021.852409785744
Not placed,Not placed,2021.0,2021.8099310656476
Not placed,Not placed,2021.0,2021.8400994570943
Not placed,Not placed,2021.0,2021.9608926659553
Not placed,Not placed,2023.0,2021.8962116075572
Not placed,Not placed,2021.0,2021.8731981657402
Not placed,Not placed,2021.0,2021.8757764535565
Not placed,Not placed,2021.0,2021.8806879022673
Not placed,Not placed,2021.0,2021.8957882150078
Not placed,Not placed,2021.0,2021.9313972958523
Not placed,Not placed,2021.0,2021.8962472891405
Not placed,Not placed,2021.0,2021.8610638517819
Not placed,Not placed,2021.0,2021.9608224994013
Not placed,Not placed,2021.0,2021.8733741804315
Not placed,Not placed,2023.0,2021.9038957978737
Not placed,Not placed,2021.0,2021.9995920328176
Not placed,Not placed,2021.0,2021.9428404898567
Not placed,Not placed,2021.0,2021.947038571262
Not placed,Not placed,2021.0,2022.0097831477835
Not placed,Not placed,2021.0,2021.7789688131704
Not placed,Not placed,2021.0,2021.9075520604852
Not placed,Not placed,2021.0,2021.9553288859352
Not placed,Not placed,2021.0,2021.7772200679676
Not placed,Not placed,2021.0,2021.9459697170196
Not placed,Not placed,2021.0,2021.9509489288473
Not placed,Not placed,2022.0,2021.7771314623155
Placed,Not placed,2021.0,2021.9527149165353
Not placed,Not placed,2021.0,2021.9483349594477
Not placed,Not placed,2021.0,2021.7934869611554
Not placed,Not placed,2021.0,2021.9206919317485
Placed,Not placed,2021.0,2021.9244724815953
Not placed,Not placed,2021.0,2021.8467217184882
Not placed,Not placed,2021.0,2021.8752413518785
Not placed,Not placed,2021.0,2021.9037013440843
Not placed,Not placed,2021.0,2021.8502376479917
Not placed,Not placed,2021.0,2021.8902059958896
Not placed,Not placed,2021.0,2021.774764870774
Not placed,Not placed,2021.0,2021.8486119934116
Not placed,Not placed,2021.0,2021.898124985957
Not placed,Not placed,2021.0,2021.9146690775954
Not placed,Not placed,2021.0,2021.9241549371832
Not placed,Not placed,2021.0,2021.8899241330607
Not placed,Not placed,2021.0,2021.9050980599045
Not placed,Not placed,2021.0,2021.8754001240845
Not placed,Placed,2021.0,2021.8405228496438
Not placed,Not placed,2021.0,2021.8462810834535
Not placed,Not placed,2021.0,2021.8812528245373
Not placed,Not placed,2021.0,2021.7669231048642
Not placed,Not placed,2021.0,2021.891090713508
Not placed,Not placed,2021.0,2021.9542867909222
Not placed,Not placed,2021.0,2021.9513723213968
Not placed,Not placed,2021.0,2021.907693590206
Not placed,Not placed,2021.0,2021.971684384775
Not placed,Not placed,2021.0,2021.9155710376992
Not placed,Not placed,2021.0,2021.8562605021448
Not placed,Not placed,2021.0,2021.944837469042
Not placed,Not placed,2021.0,2022.0431950532936
Not placed,Not placed,2021.0,2021.8367250573115
Not placed,Not placed,2021.0,2021.836460436968
Placed,Not placed,2021.0,2021.8854210853503
Not placed,Not placed,2021.0,2021.882063928053
Not placed,Not placed,2021.0,2021.928763833031
Not placed,Not placed,2021.0,2021.9626622226833
Placed,Placed,2021.0,2021.8237149937868
Not placed,Not placed,2021.0,2021.856137411522
Placed,Not placed,2021.0,2022.022100193549
Not placed,Not placed,2021.0,2021.8708672557818
Not placed,Not placed,2021.0,2021.94266533129
Not placed,Not placed,2021.0,2021.956936101417
Not placed,Not placed,2021.0,2021.848330130583
Not placed,Not placed,2021.0,2021.9139281406337
Not placed,Not placed,2021.0,2021.9124612582598
Not placed,Not placed,2021.0,2021.900432792439
Not placed,Not placed,2021.0,2021.9602575771312
Not placed,Not placed,2022.0,2021.9589322244778
Placed,Not placed,2021.0,2022.0040778380426
Not placed,Not placed,2021.0,2021.886232188866
Not placed,Not placed,2021.0,2021.8524387502114
Not placed,Not placed,2021.0,2021.8459106149726
Not placed,Not placed,2021.0,2021.9392380074385
Not placed,Not placed,2021.0,2021.939043553649
Not placed,Not placed,2023.0,2021.7566433842462
Not placed,Not placed,2021.0,2021.9323856106719
Not placed,Not placed,2021.0,2021.8716611168122
Not placed,Not placed,2021.0,2021.906544252244
Not placed,Placed,2021.0,2021.8982434122015
Not placed,Not placed,2021.0,2021.9901719112418
Not placed,Not placed,2021.0,2022.0473518139809
Not placed,Not placed,2021.0,2021.8340409213579
Not placed,Not placed,2021.0,2021.817685422518
Not placed,Not placed,2021.0,2021.830507749369
Not placed,Not placed,2021.0,2021.9346625732478
Not placed,Not placed,2021.0,2021.916576595004
Not placed,Not placed,2021.0,2021.9263262188108
Not placed,Not placed,2021.0,2021.916130098978
Not placed,Not placed,2021.0,2021.887564258635
Not placed,Not placed,2021.0,2021.9507901566412
Not placed,Not placed,2021.0,2021.9058033152826
Not placed,Not placed,2021.0,2021.9206390076797
Not placed,Not placed,2021.0,2021.7545770946313
Placed,Not placed,2021.0,2021.9318803295862
Not placed,Not placed,2021.0,2021.8792210198933
Not placed,Not placed,2021.0,2021.9918019943636
Not placed,Not placed,2021.0,2021.8467217184882
Placed,Not placed,2021.0,2021.995599786696
Not placed,Not placed,2021.0,2021.8327155687045
Not placed,Not placed,2021.0,2021.9436202154625
Not placed,Not placed,2021.0,2021.9593556170273
Not placed,Not placed,2021.0,2021.8975197177253
Not placed,Not placed,2021.0,2021.8154776031824
Not placed,Not placed,2021.0,2021.8384910449995
Not placed,Not placed,2021.0,2021.8691714346478
Not placed,Not placed,2021.0,2021.8729633659889
Not placed,Not placed,2021.0,2021.8977843380687
Not placed,Not placed,2021.0,2021.8512961293652
Not placed,Not placed,2021.0,2021.9791913637873
Not placed,Not placed,2021.0,2021.910236196439
Not placed,Not placed,2021.0,2021.8846146462133
Not placed,Not placed,2021.0,2021.8051449584955
Not placed,Not placed,2021.0,2021.8339350732206
Not placed,Not placed,2021.0,2021.9726035873641
Not placed,Not placed,2021.0,2021.8409634846785
Not placed,Not placed,2021.0,2021.992243978512
Not placed,Not placed,2023.0,2021.8935459107017
Not placed,Not placed,2021.0,2021.8729402625124
Placed,Not placed,2021.0,2022.0465208765556
Not placed,Not placed,2021.0,2021.7811409509225
Not placed,Not placed,2021.0,2021.8670694634498
Not placed,Not placed,2021.0,2021.901740902607
Not placed,Not placed,2021.0,2021.901670736053
Not placed,Placed,2021.0,2021.8859503260371
Not placed,Not placed,2021.0,2021.9095481835461
Not placed,Not placed,2021.0,2021.8981191249661
Not placed,Not placed,2021.0,2021.7911917327806
Not placed,Not placed,2023.0,2021.8254570218737
Not placed,Not placed,2021.0,2022.0406395521234
Not placed,Not placed,2021.0,2021.9297543987868
Not placed,Not placed,2021.0,2021.9165236709355
Placed,Not placed,2021.0,2021.8181088150675
Not placed,Not placed,2021.0,2021.8852795556297
Not placed,Not placed,2021.0,2021.9223532679118
Not placed,Not placed,2021.0,2021.8038552874257
Not placed,Not placed,2021.0,2021.7852331841905
Not placed,Not placed,2021.0,2021.842006974503
Not placed,Not placed,2021.0,2021.9533327628742
Not placed,Not placed,2021.0,2021.8095249155833
Not placed,Not placed,2021.0,2021.9513723213968
Not placed,Not placed,2021.0,2021.8983492603388
Not placed,Not placed,2021.0,2021.981628121883
Not placed,Not placed,2023.0,2021.7751180967696
Not placed,Not placed,2021.0,2021.9768016687692
Not placed,Not placed,2021.0,2021.8073700203165
Placed,Not placed,2021.0,2021.8847330724575
Not placed,Not placed,2021.0,2021.9166295190728
Not placed,Not placed,2021.0,2021.856366350282
Not placed,Not placed,2021.0,2021.8554114661097
Not placed,Not placed,2021.0,2021.9204629929884
Not placed,Not placed,2021.0,2021.85071396461
Placed,Not placed,2021.0,2021.7913505049867
Placed,Not placed,2021.0,2021.9540587082868
Not placed,Not placed,2023.0,2021.8553228604576
Not placed,Not placed,2021.0,2021.9040016460112
Not placed,Not placed,2021.0,2021.9102189539537
Not placed,Not placed,2021.0,2021.8446025048047
Not placed,Not placed,2021.0,2021.8804681774006
Not placed,Not placed,2021.0,2021.7991221043426
Not placed,Not placed,2021.0,2021.828335611617
Not placed,Not placed,2021.0,2021.9161532024546
Not placed,Not placed,2022.0,2021.819999089991
Not placed,Not placed,2021.0,2021.8848918446636
Not placed,Not placed,2021.0,2021.8501317998544
Not placed,Not placed,2021.0,2021.7729757796096
Not placed,Not placed,2021.0,2022.0000431498654
Not placed,Not placed,2022.0,2021.89935706858
Placed,Not placed,2021.0,2022.0301653777158
Not placed,Not placed,2021.0,2022.0149352572366
Not placed,Not placed,2021.0,2021.951603511093
Not placed,Not placed,2021.0,2021.9367298861762
Not placed,Not placed,2023.0,2021.9553288859352
Not placed,Not placed,2021.0,2021.779322039166
Not placed,Not placed,2021.0,2021.94474886339
Not placed,Not placed,2021.0,2021.7996341025441
Not placed,Not placed,2021.0,2021.8981018824807
Not placed,Not placed,2021.0,2021.8360370444186
Placed,Not placed,2021.0,2021.90776375676
Not placed,Not placed,2021.0,2021.8236024285336
Not placed,Not placed,2022.0,2021.8483830546515
Not placed,Not placed,2021.0,2021.8817463836408
Not placed,Not placed,2021.0,2021.9366240380389
Not placed,Not placed,2021.0,2021.7996341025441
Not placed,Not placed,2021.0,2021.8790093236184
Not placed,Not placed,2023.0,2021.7504260763037
Not placed,Not placed,2021.0,2021.9162061265233
Not placed,Not placed,2021.0,2021.96742751831
Placed,Not placed,2021.0,2021.797761070106
Not placed,Not placed,2021.0,2021.9466218958282
Not placed,Not placed,2023.0,2021.9368357343135
Not placed,Not placed,2021.0,2021.8511613167602
Not placed,Not placed,2021.0,2021.8554114661097
Not placed,Not placed,2021.0,2021.8931926847063
Not placed,Not placed,2021.0,2021.8438086437745
Not placed,Not placed,2021.0,2021.8916027117095
Not placed,Not placed,2021.0,2022.041982147262
Not placed,Not placed,2021.0,2021.973849762055
Not placed,Placed,2021.0,2022.0952698286633
Not placed,Not placed,2021.0,2021.8942511660798
Not placed,Not placed,2021.0,2021.978715047169
Not placed,Not placed,2021.0,2022.0608986914328
Placed,Not placed,2021.0,2021.9022529008084
Not placed,Not placed,2016.0,2021.8467813596726
Not placed,Not placed,2021.0,2021.8591563343732
Not placed,Not placed,2021.0,2021.8548591219464
Not placed,Not placed,2021.0,2021.7911031271285
Placed,Not placed,2021.0,2022.0139157270132
Not placed,Not placed,2023.0,2021.8430654558767
Not placed,Not placed,2021.0,2021.9184496274422
Not placed,Not placed,2021.0,2021.9459338829354
Not placed,Not placed,2021.0,2021.9024289154997
Not placed,Not placed,2021.0,2021.8960586963424
Not placed,Not placed,2021.0,2021.776849599487
Not placed,Not placed,2022.0,2021.8495415231714
Placed,Not placed,2021.0,2022.0263743024993
Not placed,Not placed,2021.0,2021.8896951943009
Not placed,Not placed,2021.0,2021.9613160585047
Not placed,Not placed,2021.0,2021.8567195762776
Not placed,Not placed,2021.0,2021.8512432052967
Not placed,Not placed,2021.0,2021.971809726334
Not placed,Not placed,2021.0,2021.9004155499535
Not placed,Not placed,2021.0,2021.930548259817
Not placed,Not placed,2023.0,2021.8878750859312
Not placed,Not placed,2021.0,2021.8931926847063
Not placed,Not placed,2021.0,2022.0484997571311
Not placed,Not placed,2021.0,2021.942470021376
Not placed,Placed,2021.0,2022.0340517757002
Not placed,Not placed,2021.0,2021.8797330180946
Not placed,Not placed,2021.0,2021.8490710675444
Not placed,Not placed,2021.0,2021.9748643307682
Not placed,Not placed,2021.0,2021.96156580879
Placed,Not placed,2021.0,2021.9286407424083
Not placed,Not placed,2021.0,2021.8852795556297
Not placed,Not placed,2021.0,2021.9439712215315
Not placed,Not placed,2021.0,2021.862530734156
Not placed,Not placed,2021.0,2021.9675565503999
Not placed,Not placed,2021.0,2021.9380932928402
Not placed,Not placed,2021.0,2021.8236553526024
Not placed,Not placed,2021.0,2021.9199866763702
Not placed,Not placed,2021.0,2021.881451942705
Not placed,Not placed,2021.0,2021.9039659644277
Not placed,Not placed,2021.0,2021.8705669538551
Not placed,Not placed,2022.0,2021.8350406176717
Not placed,Not placed,2021.0,2021.8220296980223
Not placed,Not placed,2021.0,2021.8207639865534
Not placed,Not placed,2022.0,2021.928605060825
Not placed,Not placed,2021.0,2021.8421128226405
Not placed,Not placed,2021.0,2021.954992902425
Placed,Not placed,2021.0,2021.9558776200433
Not placed,Not placed,2021.0,2021.8857915538313
Not placed,Not placed,2021.0,2022.042705841738
Not placed,Not placed,2021.0,2021.8484359787203
Not placed,Not placed,2021.0,2021.8840243695304
Placed,Not placed,2021.0,2021.8510315090218
Not placed,Not placed,2022.0,2021.9058033152826
Not placed,Not placed,2021.0,2022.1016450526872
Placed,Placed,2021.0,2022.064537711559
Not placed,Not placed,2021.0,2021.797690903552
Not placed,Not placed,2021.0,2021.8984021844076
Not placed,Not placed,2021.0,2021.8648616441142
Not placed,Not placed,2021.0,2021.8667162374543
Not placed,Not placed,2021.0,2021.9102718780223
Not placed,Not placed,2023.0,2021.7566442403706
Not placed,Not placed,2021.0,2022.1219674308893
Not placed,Not placed,2021.0,2021.7709325934711
Not placed,Not placed,2021.0,2021.8958238965913
Not placed,Not placed,2021.0,2021.9716487031915
Not placed,Not placed,2022.0,2021.855358542041
Placed,Not placed,2021.0,2021.7288424404655
Not placed,Not placed,2021.0,2021.9643556713902
Not placed,Not placed,2021.0,2021.8725987584994
Not placed,Not placed,2021.0,2021.924595572218
Not placed,Not placed,2021.0,2021.7789688131704
Not placed,Not placed,2021.0,2021.9716314607062
Not placed,Placed,2021.0,2022.036047898761
Not placed,Not placed,2021.0,2021.7915622012615
Not placed,Not placed,2021.0,2021.8774193506217
Not placed,Not placed,2021.0,2021.9224234344658
Not placed,Not placed,2021.0,2021.8566309706255
Not placed,Placed,2021.0,2021.9485004487694
Placed,Not placed,2021.0,2021.8604816870263
Not placed,Not placed,2021.0,2021.8833892807063
Not placed,Not placed,2021.0,2021.781176632506
Not placed,Not placed,2021.0,2021.8101427619222
Not placed,Not placed,2021.0,2021.981557955329
Placed,Not placed,2021.0,2021.8900656627816
Not placed,Not placed,2021.0,2021.9836242449437
Not placed,Not placed,2021.0,2021.766976028933
Not placed,Not placed,2021.0,2021.9532441572221
Placed,Not placed,2021.0,2021.9362006454894
Not placed,Not placed,2021.0,2021.8099483081328
Not placed,Not placed,2023.0,2021.964802167416
Not placed,Not placed,2021.0,2021.9275226198504
Not placed,Not placed,2022.0,2021.914480484797
Placed,Not placed,2021.0,2021.8685006642404
Not placed,Not placed,2021.0,2022.0649486874718
Not placed,Not placed,2021.0,2021.930636865469
Not placed,Not placed,2021.0,2021.910166029885
Not placed,Not placed,2021.0,2021.9978605301
Not placed,Not placed,2021.0,2021.9034896478097
Not placed,Not placed,2021.0,2021.764732528014
Not placed,Not placed,2021.0,2021.900062323958
Placed,Not placed,2021.0,2021.9098657279583
Not placed,Not placed,2021.0,2021.8490883100296
Not placed,Placed,2021.0,2022.0016053983636
Not placed,Not placed,2021.0,2021.861028126842
Not placed,Not placed,2021.0,2021.8747410756594
Not placed,Not placed,2021.0,2021.902434776491
Not placed,Not placed,2021.0,2022.0789547562613
Not placed,Not placed,2022.0,2021.9204629929884
Placed,Not placed,2021.0,2021.8911965616453
Placed,Not placed,2021.0,2021.906632857896
Not placed,Not placed,2021.0,2021.8812990314902
Not placed,Not placed,2021.0,2021.9689473247527
Not placed,Not placed,2021.0,2021.9407221322979
Not placed,Not placed,2021.0,2021.83250387243
Placed,Not placed,2021.0,2021.9898587953714
Not placed,Not placed,2021.0,2021.8239027304605
Not placed,Not placed,2021.0,2021.8258274903544
Placed,Not placed,2021.0,2021.8701964853744
Not placed,Not placed,2021.0,2021.9538171914198
Not placed,Not placed,2021.0,2021.795013484714
Not placed,Not placed,2021.0,2021.902375991431
Not placed,Not placed,2022.0,2021.955011341523
Placed,Not placed,2021.0,2022.0211937672657
Not placed,Not placed,2021.0,2021.920833461469
Not placed,Not placed,2021.0,2021.9459338829354
Placed,Not placed,2021.0,2021.9369772640343
Not placed,Placed,2021.0,2022.0483939089938
Not placed,Not placed,2021.0,2021.929011210889
Not placed,Not placed,2021.0,2021.8738689361476
Not placed,Placed,2022.0,2021.8897481183694
Not placed,Not placed,2021.0,2021.8898712089922
Not placed,Not placed,2021.0,2021.9627589812776
Not placed,Not placed,2023.0,2021.8672811597244
Not placed,Not placed,2021.0,2021.90832867903
Not placed,Not placed,2021.0,2021.9146690775954
Not placed,Not placed,2021.0,2021.9632420150117
Not placed,Not placed,2021.0,2021.8825424956074
Not placed,Not placed,2021.0,2021.8181789816213
Not placed,Not placed,2021.0,2021.9496583059706
Placed,Placed,2021.0,2021.9465689717597
Not placed,Not placed,2021.0,2021.7606171912696
Not placed,Not placed,2021.0,2021.950225315365
Not placed,Not placed,2021.0,2021.864385327496
Not placed,Not placed,2021.0,2021.9612102103674
Placed,Not placed,2021.0,2021.9268919972055
Not placed,Not placed,2021.0,2021.9256218195574
Not placed,Not placed,2021.0,2021.8672811597244
Not placed,Not placed,2021.0,2021.898366502824
Not placed,Not placed,2022.0,2021.7688478647583
Not placed,Not placed,2021.0,2021.8874873749653
Not placed,Not placed,2023.0,2021.9467151658587
Not placed,Not placed,2021.0,2021.9815222737454
Not placed,Not placed,2021.0,2021.842923926156
Not placed,Not placed,2021.0,2021.9784495707013
Not placed,Not placed,2021.0,2021.860834913022
Not placed,Not placed,2021.0,2021.8567368187628
Not placed,Not placed,2021.0,2021.91594150618
Placed,Not placed,2021.0,2021.7998987228875
Not placed,Not placed,2021.0,2021.9164535043815
Not placed,Not placed,2021.0,2021.90399578502
Not placed,Not placed,2021.0,2021.871731283366
Not placed,Not placed,2021.0,2021.932144093805
Placed,Not placed,2021.0,2022.1035005021517
Not placed,Not placed,2021.0,2021.8779485913085
Not placed,Not placed,2021.0,2021.791526519678
Not placed,Not placed,2021.0,2021.835895514698
Not placed,Not placed,2021.0,2021.7832958461895
Not placed,Not placed,2012.0,2021.7510678822437
Not placed,Not placed,2021.0,2021.8441261881865
Not placed,Not placed,2021.0,2021.8529919504992
Not placed,Not placed,2021.0,2021.8756706054191
Not placed,Not placed,2023.0,2021.9227939029465
Placed,Not placed,2021.0,2021.9485533728382
Not placed,Not placed,2021.0,2021.895894063145
Not placed,Not placed,2022.0,2021.850343496129
Not placed,Not placed,2021.0,2021.7915622012615
Placed,Not placed,2021.0,2022.0462033321435
Not placed,Not placed,2021.0,2021.8830188122254
Placed,Not placed,2021.0,2021.9032077849809
Not placed,Not placed,2021.0,2021.9262741508667
Not placed,Not placed,2021.0,2021.7891070040678
Not placed,Not placed,2021.0,2021.872880621328
Not placed,Not placed,2021.0,2021.9446430152527
Not placed,Not placed,2021.0,2022.0485526812
Not placed,Not placed,2021.0,2021.914563229458
Not placed,Not placed,2021.0,2021.9693707173021
Not placed,Not placed,2021.0,2021.7733634905755
Not placed,Not placed,2021.0,2021.8689597383732
Not placed,Not placed,2021.0,2021.8977843380687
Not placed,Not placed,2022.0,2021.9155768986902
Placed,Not placed,2021.0,2022.029794909235
Not placed,Not placed,2021.0,2021.8809352801254
Not placed,Not placed,2021.0,2021.8506081164724
Not placed,Not placed,2021.0,2021.9403516638172
Not placed,Not placed,2021.0,2021.8854383278358
Not placed,Not placed,2021.0,2021.8421426432326
Not placed,Not placed,2021.0,2021.8352061069934
Not placed,Not placed,2021.0,2021.8583267917595
Not placed,Not placed,2021.0,2021.9119676991563
Not placed,Not placed,2021.0,2021.8277467297455
Not placed,Not placed,2021.0,2021.8955765187332
Not placed,Not placed,2021.0,2021.7915622012615
Not placed,Not placed,2021.0,2021.9227939029465
Not placed,Not placed,2021.0,2021.795624613937
Not placed,Not placed,2021.0,2021.848965219407
Not placed,Not placed,2021.0,2021.8182675872733
Not placed,Not placed,2021.0,2021.838202465055
Not placed,Not placed,2021.0,2021.9389906295805
Not placed,Not placed,2021.0,2021.8426420633273
Not placed,Not placed,2021.0,2021.9772011017176
Not placed,Not placed,2021.0,2021.8239199729458
Not placed,Not placed,2021.0,2021.9328090032213
Not placed,Not placed,2021.0,2021.9733974483943
Not placed,Not placed,2021.0,2021.876819943381
Not placed,Not placed,2021.0,2021.8801572667687
Placed,Not placed,2021.0,2021.9723918910893
Not placed,Not placed,2021.0,2021.9160473543172
Not placed,Not placed,2021.0,2022.0258383446967
Not placed,Not placed,2021.0,2021.8756176813504
Not placed,Not placed,2021.0,2021.8615401684
Not placed,Not placed,2021.0,2021.9776013907906
Not placed,Not placed,2023.0,2021.9322970050198
Not placed,Not placed,2021.0,2021.920433172396
Not placed,Not placed,2021.0,2021.8911436375768
Not placed,Not placed,2021.0,2021.9582731760527
Not placed,Not placed,2021.0,2021.7998987228875
Not placed,Not placed,2021.0,2021.9858320642793
Not placed,Not placed,2021.0,2021.8530977986368
Not placed,Not placed,2021.0,2021.8606232167472
Not placed,Not placed,2021.0,2021.9587562097865
Not placed,Not placed,2021.0,2021.981394835575
Not placed,Not placed,2023.0,2021.8340409213579
Not placed,Not placed,2021.0,2021.8278534340075
Not placed,Not placed,2021.0,2021.8124274649274
Not placed,Not placed,2021.0,2021.8236024285336
Not placed,Not placed,2021.0,2021.8868166045577
Placed,Not placed,2021.0,2021.7832958461895
Not placed,Not placed,2021.0,2021.8441261881865
Not placed,Not placed,2021.0,2021.807564474106
Not placed,Not placed,2021.0,2021.813834706117
Not placed,Not placed,2021.0,2021.9436903820165
Not placed,Not placed,2021.0,2022.123804741247
Not placed,Not placed,2021.0,2021.8158837532465
Not placed,Not placed,2021.0,2021.9466920623822
Not placed,Not placed,2021.0,2021.9692648691646
Not placed,Not placed,2021.0,2021.9981780745122
Not placed,Not placed,2021.0,2021.722313449102
Not placed,Not placed,2021.0,2022.0052444184898
Not placed,Not placed,2021.0,2021.8930859804443
Not placed,Not placed,2023.0,2021.9872393054688
Not placed,Not placed,2023.0,2021.8789034754811
Not placed,Not placed,2021.0,2021.8382621062394
Not placed,Placed,2021.0,2021.9380379963443
Not placed,Not placed,2021.0,2021.922370510397
Not placed,Not placed,2021.0,2021.7852331841905
Not placed,Not placed,2023.0,2021.6669536170948
Not placed,Not placed,2021.0,2021.916259050592
Not placed,Not placed,2021.0,2021.827558993072
Not placed,Not placed,2021.0,2021.9533327628742
Not placed,Not placed,2022.0,2021.9310602580185
Not placed,Placed,2021.0,2021.9847379013222
Not placed,Not placed,2021.0,2021.8777196525486
Placed,Not placed,2021.0,2022.0076282525167
Not placed,Not placed,2021.0,2021.9136105962218
Not placed,Not placed,2021.0,2021.9064384041067
Placed,Not placed,2021.0,2021.952691813059
Not placed,Not placed,2021.0,2021.8425005336064
Placed,Not placed,2021.0,2021.898721979756
Not placed,Not placed,2021.0,2021.7645208317392
Not placed,Not placed,2021.0,2021.9799150582635
Not placed,Not placed,2021.0,2021.8553056179721
Not placed,Not placed,2023.0,2021.9098715889493
Not placed,Not placed,2021.0,2021.9429471941187
Not placed,Not placed,2021.0,2021.9655729249698
Not placed,Not placed,2021.0,2021.9876337335506
Not placed,Not placed,2022.0,2021.8219066073996
Not placed,Not placed,2023.0,2021.914474623806
Not placed,Not placed,2021.0,2021.8532922524262
Not placed,Not placed,2021.0,2021.8909538571352
Not placed,Not placed,2021.0,2021.85313348022
Not placed,Not placed,2021.0,2021.8795385643052
Not placed,Not placed,2021.0,2022.0040883605527
Not placed,Not placed,2021.0,2021.9155710376992
Not placed,Not placed,2021.0,2021.8717842074348
Not placed,Not placed,2021.0,2021.7626305568158
Not placed,Placed,2023.0,2021.892255043019
Not placed,Placed,2022.0,2021.8465100222134
Not placed,Placed,2021.0,2021.789054079999
Not placed,Not placed,2021.0,2021.7772200679676
Not placed,Not placed,2023.0,2021.8957709725225
Not placed,Not placed,2021.0,2021.8483830546515
Not placed,Not placed,2023.0,2021.9036542810068
Not placed,Not placed,2021.0,2021.8628125969847
Not placed,Not placed,2021.0,2021.9738726607047
Not placed,Not placed,2021.0,2021.8979960343434
Not placed,Not placed,2021.0,2021.9716314607062
Not placed,Not placed,2021.0,2021.8016945311676
Not placed,Not placed,2021.0,2021.83837843639
Not placed,Not placed,2021.0,2022.0422467676053
Not placed,Not placed,2021.0,2021.8343055417013
Not placed,Not placed,2021.0,2021.9511249435386
Not placed,Not placed,2021.0,2021.9304953357484
Not placed,Not placed,2021.0,2022.0011992482996
Not placed,Placed,2021.0,2021.975323404901
Not placed,Not placed,2020.0,2021.8976784899312
Not placed,Not placed,2021.0,2021.8529919504992
Not placed,Not placed,2021.0,2021.8667162374543
Not placed,Not placed,2021.0,2021.9547639636648
Not placed,Not placed,2021.0,2021.9142284425607
Not placed,Not placed,2021.0,2021.8683948161029
Not placed,Not placed,2023.0,2021.9218412697103
Not placed,Not placed,2021.0,2021.8222770758805
Not placed,Not placed,2022.0,2021.8421300651257
Not placed,Not placed,2021.0,2021.9244724815953
Placed,Not placed,2021.0,2021.8624190250275
Not placed,Not placed,2022.0,2021.857371907587
Not placed,Not placed,2021.0,2022.040286326128
Placed,Not placed,2021.0,2021.9808699424361
Not placed,Not placed,2021.0,2021.8810054466794
Not placed,Not placed,2021.0,2021.9264858471415
Not placed,Not placed,2021.0,2021.8820996096363
Not placed,Not placed,2021.0,2021.8939865457364
Not placed,Not placed,2021.0,2021.7831370739834
Not placed,Not placed,2021.0,2021.9322440809512
Not placed,Not placed,2021.0,2021.8244848952158
Not placed,Not placed,2021.0,2021.8215890629876
Not placed,Not placed,2021.0,2022.0501598966819
Not placed,Not placed,2021.0,2021.864544099702
Not placed,Not placed,2016.0,2021.7993569040937
Not placed,Not placed,2020.0,2021.8991626147906
Not placed,Not placed,2021.0,2021.9474686809272
Not placed,Not placed,2021.0,2021.8301545233735
Not placed,Placed,2021.0,2022.052103095674
Not placed,Not placed,2021.0,2021.8878049193772
Not placed,Not placed,2021.0,2021.9187671718544
Not placed,Not placed,2021.0,2021.9444842430466
Not placed,Not placed,2021.0,2021.8368838295175
Not placed,Not placed,2021.0,2021.8299255846134
Not placed,Not placed,2021.0,2022.0611762067138
Not placed,Not placed,2021.0,2022.0216700838837
Not placed,Not placed,2023.0,2021.81005415627
Not placed,Not placed,2021.0,2021.9063153134841
Not placed,Not placed,2021.0,2021.8777368950339
Not placed,Not placed,2021.0,2021.7792691150971
Not placed,Not placed,2021.0,2021.9650966083516
Not placed,Not placed,2021.0,2021.8138519486024
Not placed,Not placed,2021.0,2021.9142284425607
Not placed,Not placed,2021.0,2021.8368481479342
Placed,Not placed,2021.0,2021.8999564758208
Not placed,Not placed,2023.0,2021.8319149905585
Not placed,Not placed,2021.0,2021.851322749556
Not placed,Not placed,2021.0,2021.9260452121068
Placed,Not placed,2021.0,2021.9540230267032
Not placed,Not placed,2021.0,2021.7832429221207
Not placed,Not placed,2021.0,2021.9347337631154
Not placed,Placed,2021.0,2021.8328214168419
Not placed,Not placed,2021.0,2021.9144401388353
Not placed,Not placed,2021.0,2021.87789566724
Not placed,Not placed,2021.0,2021.9332875707757
Not placed,Not placed,2021.0,2021.9365181899016
Not placed,Not placed,2021.0,2021.9348223687675
Not placed,Not placed,2021.0,2021.8609281830522
Not placed,Not placed,2021.0,2021.981716727535
Not placed,Not placed,2021.0,2021.9177788570348
Placed,Not placed,2021.0,2021.9558074534893
Not placed,Not placed,2021.0,2021.8615401684
Not placed,Not placed,2021.0,2021.8964589854154
Not placed,Not placed,2021.0,2021.9913256777456
Not placed,Not placed,2021.0,2021.9018491231716
Not placed,Not placed,2021.0,2021.8690655865105
Not placed,Not placed,2021.0,2022.005664527302
Not placed,Not placed,2021.0,2021.939557802787
Not placed,Not placed,2022.0,2021.9103487616921
Not placed,Not placed,2021.0,2021.963552842308
Not placed,Not placed,2021.0,2022.0541693852888
Not placed,Not placed,2021.0,2021.9115443066069
Not placed,Not placed,2021.0,2021.7834373759101
Not placed,Not placed,2021.0,2021.787358258865
Not placed,Not placed,2021.0,2021.889483498026
Not placed,Not placed,2021.0,2021.8072469296937
Not placed,Not placed,2022.0,2021.8958768206599
Not placed,Not placed,2021.0,2021.9612102103674
Not placed,Not placed,2021.0,2021.7893187003424
Not placed,Not placed,2021.0,2021.9603991068518
Not placed,Placed,2021.0,2021.9998806127621
Placed,Not placed,2021.0,2021.9022529008084
Not placed,Placed,2021.0,2021.965043684283
Not placed,Not placed,2021.0,2021.8914678991046
Not placed,Not placed,2021.0,2021.8383851968622
Placed,Placed,2021.0,2021.975323404901
Not placed,Not placed,2021.0,2021.8449729732854
Not placed,Not placed,2021.0,2022.0533354641175
Not placed,Not placed,2021.0,2021.8959999112826
Not placed,Not placed,2021.0,2021.9768180117735
Not placed,Not placed,2021.0,2021.8818224916622
Not placed,Not placed,2021.0,2022.0486460317065
Not placed,Not placed,2021.0,2021.9818778721683
Not placed,Not placed,2021.0,2021.9014233581947
Not placed,Not placed,2021.0,2021.8895007405113
Not placed,Not placed,2021.0,2021.775153778353
Not placed,Not placed,2021.0,2021.8900656627816
Placed,Not placed,2021.0,2021.8214475332668
Not placed,Not placed,2021.0,2021.8401696236483
Placed,Not placed,2021.0,2021.8605702926784
Placed,Not placed,2021.0,2021.8220124555369
Not placed,Not placed,2021.0,2021.8657680703975
Not placed,Not placed,2022.0,2021.9346106724927
Not placed,Not placed,2021.0,2021.882063928053
Not placed,Not placed,2021.0,2021.8939865457364
Not placed,Not placed,2022.0,2021.9403159822336
Not placed,Not placed,2021.0,2021.8777368950339
Not placed,Not placed,2021.0,2021.9188397108355
Placed,Not placed,2021.0,2022.0565359768304
Not placed,Not placed,2021.0,2021.8858444778998
Not placed,Not placed,2020.0,2021.8918845745382
Not placed,Not placed,2021.0,2021.801241318026
Not placed,Not placed,2021.0,2021.8898712089922
Not placed,Not placed,2021.0,2021.9108668567212
Not placed,Not placed,2021.0,2021.7587453554443
Not placed,Not placed,2020.0,2021.9078994254896
Not placed,Placed,2021.0,2021.8465100222134
Not placed,Not placed,2021.0,2021.888086782206
Not placed,Not placed,2021.0,2021.9119147750878
Not placed,Not placed,2021.0,2022.060757161712
Placed,Not placed,2021.0,2022.0365414578644
Placed,Not placed,2021.0,2021.9376146037948
Not placed,Not placed,2021.0,2021.8408576365412
Not placed,Not placed,2021.0,2021.881993761499
Not placed,Not placed,2021.0,2021.8776310468966
Not placed,Not placed,2021.0,2021.9125498639119
Not placed,Not placed,2021.0,2021.7666929694915
Not placed,Not placed,2021.0,2022.0466624062765
Not placed,Not placed,2021.0,2021.8240615026666
Not placed,Not placed,2021.0,2021.967674896168
Not placed,Not placed,2021.0,2021.8404447260048
Not placed,Not placed,2023.0,2021.789212852205
Not placed,Not placed,2021.0,2021.9241549371832
Not placed,Not placed,2020.0,2021.8485292487508
Not placed,Not placed,2021.0,2021.8877750987851
Not placed,Not placed,2021.0,2021.8604115204726
Not placed,Not placed,2021.0,2021.8199634084074
Not placed,Not placed,2021.0,2021.9483177169623
Not placed,Not placed,2021.0,2021.8817463836408
Not placed,Not placed,2021.0,2021.8795385643052
Not placed,Not placed,2021.0,2021.8998863092668
Not placed,Not placed,2021.0,2022.077167957048
Not placed,Not placed,2021.0,2021.903684101599
Not placed,Placed,2021.0,2021.791456353124
Not placed,Not placed,2021.0,2021.826604965024
Not placed,Not placed,2022.0,2021.7952012213877
Not placed,Not placed,2022.0,2021.8045672599196
Not placed,Not placed,2021.0,2021.96742751831
Not placed,Not placed,2021.0,2021.897890186206
Not placed,Not placed,2021.0,2021.9646740719268
Not placed,Not placed,2021.0,2021.883689582633
Not placed,Not placed,2021.0,2021.8401696236483
Not placed,Not placed,2021.0,2021.8776667284799
Not placed,Not placed,2021.0,2021.8833892807063
Placed,Not placed,2021.0,2021.919104209688
Not placed,Not placed,2021.0,2021.8036079095675
Not placed,Not placed,2021.0,2022.0839501872606
Not placed,Not placed,2021.0,2021.9056273005913
Not placed,Not placed,2021.0,2022.0626646791209
Not placed,Not placed,2021.0,2021.8573546651019
Not placed,Not placed,2021.0,2021.84247743013
Not placed,Not placed,2021.0,2021.9075739763184
Not placed,Not placed,2021.0,2021.8697535994033
Not placed,Not placed,2021.0,2021.9021642951564
Not placed,Not placed,2021.0,2021.8961414410032
Not placed,Not placed,2021.0,2021.8980489584121
Not placed,Not placed,2021.0,2021.977836190542
Not placed,Not placed,2021.0,2022.1047351620286
Not placed,Not placed,2021.0,2021.9425469050457
Not placed,Not placed,2021.0,2021.891020546954
Not placed,Not placed,2021.0,2021.8318331020223
Not placed,Not placed,2021.0,2021.7503374706516
Not placed,Not placed,2021.0,2021.865549657007
Not placed,Not placed,2021.0,2021.9796862720043
Not placed,Not placed,2021.0,2021.8385968931368
Not placed,Not placed,2021.0,2022.1628952553135
Not placed,Not placed,2021.0,2021.9224763585346
Not placed,Not placed,2020.0,2021.851190281228
Placed,Not placed,2021.0,2021.9086462234422
Not placed,Not placed,2021.0,2021.9566714810735
Not placed,Not placed,2021.0,2021.8535808323707
Not placed,Not placed,2021.0,2021.932133885266
Not placed,Not placed,2021.0,2022.0321615007765
Not placed,Not placed,2022.0,2021.8119444311935
Not placed,Not placed,2022.0,2021.8409991662618
Not placed,Not placed,2021.0,2021.8613284721253
Not placed,Not placed,2021.0,2021.9727980411535
Not placed,Not placed,2021.0,2021.9508834266717
Not placed,Not placed,2021.0,2021.897890186206
Not placed,Not placed,2021.0,2021.866077793386
Not placed,Not placed,2020.0,2021.864944388775
Not placed,Not placed,2021.0,2021.946833592103
Not placed,Not placed,2021.0,2021.8542114550153
Not placed,Not placed,2021.0,2021.915048514128
Not placed,Not placed,2021.0,2021.8906673209585
Not placed,Not placed,2021.0,2021.9571477976917
Not placed,Not placed,2021.0,2021.861222623988
Not placed,Not placed,2021.0,2021.8693831309226
Not placed,Not placed,2022.0,2021.9095481835461
Not placed,Not placed,2021.0,2021.8563134262135
Not placed,Not placed,2021.0,2021.832362342709
Not placed,Not placed,2021.0,2021.8833363566375
Not placed,Not placed,2021.0,2021.942735497844
Not placed,Not placed,2021.0,2021.8893776498887
Not placed,Not placed,2021.0,2021.972444815158
Not placed,Not placed,2021.0,2021.762666238399
Not placed,Not placed,2021.0,2021.8566309706255
Not placed,Not placed,2021.0,2021.8468632482088
Not placed,Not placed,2021.0,2021.971225310642
Not placed,Not placed,2021.0,2021.7894602300632
Not placed,Not placed,2021.0,2021.9532798388054
Not placed,Not placed,2022.0,2021.7687949406895
Not placed,Not placed,2021.0,2021.934133292064
Not placed,Not placed,2021.0,2021.9041247366338
Placed,Not placed,2021.0,2021.9268033915534
Not placed,Not placed,2024.0,2021.8931225181523
Not placed,Not placed,2021.0,2021.7915622012615
Not placed,Not placed,2021.0,2021.8013471661634
Not placed,Not placed,2021.0,2022.0806067552164
Not placed,Not placed,2021.0,2022.0294706853447
Not placed,Not placed,2021.0,2021.9335580521104
Not placed,Not placed,2021.0,2021.9101832723702
Placed,Not placed,2021.0,2022.023930827288
Not placed,Not placed,2021.0,2022.0609516155014
Not placed,Not placed,2021.0,2021.828123915342
Not placed,Not placed,2021.0,2022.0123489379694
Not placed,Not placed,2021.0,2021.7078423641944
Not placed,Not placed,2021.0,2021.8795385643052
Not placed,Not placed,2021.0,2021.7770256141782
Not placed,Not placed,2021.0,2021.864632705354
Not placed,Not placed,2021.0,2022.0095738239363
Not placed,Not placed,2021.0,2021.9144573813205
Not placed,Not placed,2021.0,2021.78287245364
Not placed,Not placed,2021.0,2021.8958768206599
Not placed,Placed,2021.0,2021.8859503260371
Not placed,Not placed,2021.0,2022.0051318908743
Not placed,Not placed,2021.0,2021.9368357343135
Not placed,Not placed,2021.0,2021.8342169360492
Placed,Not placed,2021.0,2021.9219827994311
Not placed,Not placed,2021.0,2021.9388675389578
Placed,Not placed,2021.0,2021.9846677347682
Placed,Not placed,2021.0,2021.9188925134133
Not placed,Not placed,2021.0,2021.807653079758
Not placed,Not placed,2021.0,2021.768583244415
Not placed,Not placed,2021.0,2021.7749593245635
Not placed,Not placed,2021.0,2021.9024289154997
Not placed,Not placed,2021.0,2021.8736744823582
Not placed,Not placed,2021.0,2021.807811851964
Not placed,Not placed,2021.0,2021.9031158240848
Not placed,Not placed,2021.0,2021.8683948161029
Not placed,Not placed,2021.0,2021.900274020233
Not placed,Not placed,2021.0,2021.9381967685501
Not placed,Not placed,2021.0,2021.805250806633
Not placed,Not placed,2021.0,2022.0262088131774
Not placed,Not placed,2021.0,2021.9990271105473
Not placed,Not placed,2021.0,2021.8676516282053
Not placed,Not placed,2023.0,2021.8381735005873
Not placed,Not placed,2018.0,2022.0077332445294
